{
    "accuracy": 0.477,
    "precision": 0.4884072580645161,
    "recall": 0.49963121966080226
}