{
    "prediction0": [
        {
            "scores0": {
                "avg_bleu": 0.1670706641929922,
                "avg_meteor": 0.4694484193617533,
                "avg_levenshtein": 18.6,
                "avg_rouge": {
                    "rouge1": 0.671802810192903,
                    "rouge2": 0.34673796791443856,
                    "rougeL": 0.5551361435262364
                },
                "semantic_match_score": {
                    "word_similarity": 0.9177370071411133,
                    "sentence_similarity": 0.9177370071411133,
                    "paragraph_similarity": 0.9177370071411133,
                    "semantic_match_score": 0.9177370071411133
                },
                "bertscore": {
                    "precision": 0.9479061365127563,
                    "recall": 0.9546615481376648,
                    "f1": 0.9512571096420288
                },
                "avg_cosine_similarity": 0.9177370071411133,
                "avg_reasoning_coherence": 0.0
            }
        }
    ],
    "prediction1": [
        {
            "scores1": {
                "avg_bleu": 0.04025296795686596,
                "avg_meteor": 0.23154795591128358,
                "avg_levenshtein": 37.2,
                "avg_rouge": {
                    "rouge1": 0.3375845550330676,
                    "rouge2": 0.08543417366946779,
                    "rougeL": 0.3201932506852415
                },
                "semantic_match_score": {
                    "word_similarity": 0.8150287866592407,
                    "sentence_similarity": 0.8150287866592407,
                    "paragraph_similarity": 0.8150287866592407,
                    "semantic_match_score": 0.8150287866592407
                },
                "bertscore": {
                    "precision": 0.8697118759155273,
                    "recall": 0.911026656627655,
                    "f1": 0.889790415763855
                },
                "avg_cosine_similarity": 0.8150287866592407,
                "avg_reasoning_coherence": 0.0
            }
        }
    ],
    "prediction2": [
        {
            "scores2": {
                "avg_bleu": 0.018590359749940843,
                "avg_meteor": 0.0753615127919911,
                "avg_levenshtein": 37.0,
                "avg_rouge": {
                    "rouge1": 0.10714285714285716,
                    "rouge2": 0.028571428571428574,
                    "rougeL": 0.10714285714285716
                },
                "semantic_match_score": {
                    "word_similarity": 0.6369693875312805,
                    "sentence_similarity": 0.6369693875312805,
                    "paragraph_similarity": 0.6369693875312805,
                    "semantic_match_score": 0.6369693875312805
                },
                "bertscore": {
                    "precision": 0.836849570274353,
                    "recall": 0.8516023755073547,
                    "f1": 0.844024658203125
                },
                "avg_cosine_similarity": 0.6369693875312805,
                "avg_reasoning_coherence": 0.0
            }
        }
    ]
}