{
    "accuracy": 0.655,
    "precision": 0.4875928352992573,
    "recall": 0.44014334331445343
}