{
    "accuracy": 0.5533333333333333,
    "precision": 0.602728103589324,
    "recall": 0.5501988218844609
}