{
    "accuracy": 0.5933333333333334,
    "precision": 0.6291279669762642,
    "recall": 0.5896780786188466
}