{
    "accuracy": 0.467,
    "precision": 0.3884631005204433,
    "recall": 0.3770662379643179
}