{
    "accuracy": 0.422,
    "precision": 0.32112190395792006,
    "recall": 0.31909946405808914
}