{
    "accuracy": 0.337,
    "precision": 0.26270626406575615,
    "recall": 0.24941702093562154
}