{
    "accuracy": 0.595,
    "precision": 0.44013589503280226,
    "recall": 0.4053443753649389
}