{
    "accuracy": 0.573,
    "precision": 0.4360204466418067,
    "recall": 0.3921217295797908
}