{
    "accuracy": 0.56,
    "precision": 0.6118434577037722,
    "recall": 0.5583212449055912
}