{
    "accuracy": 0.437,
    "precision": 0.40131313131313134,
    "recall": 0.30488914543173357
}