{
    "accuracy": 0.56,
    "precision": 0.6070287001192902,
    "recall": 0.5595611007496016
}