{
    "accuracy": 0.5733333333333334,
    "precision": 0.6155926501035196,
    "recall": 0.5722655976447217
}