{
    "accuracy": 0.625,
    "precision": 0.6395747794449222,
    "recall": 0.6241026568319237
}