{
    "accuracy": 0.404,
    "precision": 0.3339888272509261,
    "recall": 0.31809878968263744
}