{
    "accuracy": 0.254,
    "precision": 0.05409203750435978,
    "recall": 0.1689168916891689
}